{
    "accuracy": 0.8463591307662981,
    "per_class_accuracy": [
        0.8349056603773585,
        0.844311377245509,
        0.8612903225806452,
        0.8449197860962567,
        0.8624229979466119,
        0.8137931034482758,
        0.8022813688212928,
        0.7527472527472527,
        0.9358178053830227,
        0.7433155080213903
    ],
    "confusion_matrix": [
        [
            177,
            5,
            4,
            0,
            3,
            0,
            0,
            0,
            21,
            2
        ],
        [
            1,
            141,
            1,
            1,
            12,
            2,
            0,
            4,
            0,
            5
        ],
        [
            3,
            2,
            267,
            5,
            8,
            3,
            3,
            11,
            7,
            1
        ],
        [
            0,
            0,
            2,
            158,
            8,
            3,
            6,
            9,
            0,
            1
        ],
        [
            3,
            15,
            6,
            7,
            420,
            3,
            13,
            16,
            2,
            2
        ],
        [
            1,
            2,
            2,
            9,
            3,
            118,
            1,
            3,
            2,
            4
        ],
        [
            1,
            2,
            1,
            17,
            10,
            7,
            211,
            11,
            3,
            0
        ],
        [
            0,
            7,
            2,
            22,
            9,
            2,
            3,
            137,
            0,
            0
        ],
        [
            13,
            4,
            1,
            0,
            5,
            0,
            0,
            3,
            452,
            5
        ],
        [
            1,
            16,
            3,
            1,
            13,
            3,
            2,
            4,
            5,
            139
        ]
    ],
    "avg_inference_time": 0.00013813257567649718,
    "avg_batch_time": 0.004418557878042099,
    "throughput": 7239.4219473759285,
    "total_samples": 2623
}