{
    "accuracy": 0.8272969881814716,
    "per_class_accuracy": [
        0.8537735849056604,
        0.7365269461077845,
        0.9064516129032258,
        0.5508021390374331,
        0.8583162217659137,
        0.9448275862068966,
        0.8517110266159695,
        0.47802197802197804,
        0.94824016563147,
        0.8449197860962567
    ],
    "confusion_matrix": [
        [
            181,
            0,
            5,
            0,
            1,
            3,
            0,
            0,
            16,
            6
        ],
        [
            1,
            123,
            10,
            0,
            14,
            7,
            1,
            1,
            4,
            6
        ],
        [
            2,
            0,
            281,
            0,
            7,
            1,
            3,
            1,
            9,
            6
        ],
        [
            0,
            0,
            12,
            103,
            13,
            25,
            19,
            9,
            4,
            2
        ],
        [
            3,
            7,
            12,
            1,
            418,
            16,
            21,
            1,
            6,
            2
        ],
        [
            1,
            0,
            0,
            0,
            6,
            137,
            0,
            0,
            1,
            0
        ],
        [
            1,
            0,
            6,
            2,
            12,
            12,
            224,
            2,
            3,
            1
        ],
        [
            3,
            2,
            16,
            9,
            42,
            11,
            7,
            87,
            0,
            5
        ],
        [
            5,
            0,
            2,
            0,
            6,
            5,
            1,
            0,
            458,
            6
        ],
        [
            0,
            5,
            1,
            0,
            5,
            9,
            1,
            0,
            8,
            158
        ]
    ],
    "avg_inference_time": 7.761603088092177e-05,
    "avg_batch_time": 0.0024827664512275345,
    "throughput": 12883.9363292642,
    "total_samples": 2623
}